title,text
Scientists develop AI tool for early disease detection,Scientists develop AI tool for early disease detection. The report was confirmed by official sources and verified public records.
Education department releases updated school safety guidelines,Education department releases updated school safety guidelines. The report was confirmed by official sources and verified public records.
New satellite launched to improve weather forecasting,New satellite launched to improve weather forecasting. The report was confirmed by official sources and verified public records.
Hospital opens new emergency care unit with modern equipment,Hospital opens new emergency care unit with modern equipment. The report was confirmed by official sources and verified public records.
Stock market rises after strong quarterly company earnings,Stock market rises after strong quarterly company earnings. The report was confirmed by official sources and verified public records.
Education department releases updated school safety guidelines,Education department releases updated school safety guidelines. The report was confirmed by official sources and verified public records.
Central bank keeps interest rates unchanged after policy meeting,Central bank keeps interest rates unchanged after policy meeting. The report was confirmed by official sources and verified public records.
Stock market rises after strong quarterly company earnings,Stock market rises after strong quarterly company earnings. The report was confirmed by official sources and verified public records.
New satellite launched to improve weather forecasting,New satellite launched to improve weather forecasting. The report was confirmed by official sources and verified public records.
New satellite launched to improve weather forecasting,New satellite launched to improve weather forecasting. The report was confirmed by official sources and verified public records.
Government announces healthcare support program for rural areas,Government announces healthcare support program for rural areas. The report was confirmed by official sources and verified public records.
Hospital opens new emergency care unit with modern equipment,Hospital opens new emergency care unit with modern equipment. The report was confirmed by official sources and verified public records.
Education department releases updated school safety guidelines,Education department releases updated school safety guidelines. The report was confirmed by official sources and verified public records.
New satellite launched to improve weather forecasting,New satellite launched to improve weather forecasting. The report was confirmed by official sources and verified public records.
Researchers publish study on renewable energy battery storage,Researchers publish study on renewable energy battery storage. The report was confirmed by official sources and verified public records.
University receives grant for climate change research,University receives grant for climate change research. The report was confirmed by official sources and verified public records.
Scientists develop AI tool for early disease detection,Scientists develop AI tool for early disease detection. The report was confirmed by official sources and verified public records.
University receives grant for climate change research,University receives grant for climate change research. The report was confirmed by official sources and verified public records.
New satellite launched to improve weather forecasting,New satellite launched to improve weather forecasting. The report was confirmed by official sources and verified public records.
Scientists develop AI tool for early disease detection,Scientists develop AI tool for early disease detection. The report was confirmed by official sources and verified public records.
Stock market rises after strong quarterly company earnings,Stock market rises after strong quarterly company earnings. The report was confirmed by official sources and verified public records.
Central bank keeps interest rates unchanged after policy meeting,Central bank keeps interest rates unchanged after policy meeting. The report was confirmed by official sources and verified public records.
New satellite launched to improve weather forecasting,New satellite launched to improve weather forecasting. The report was confirmed by official sources and verified public records.
Stock market rises after strong quarterly company earnings,Stock market rises after strong quarterly company earnings. The report was confirmed by official sources and verified public records.
New satellite launched to improve weather forecasting,New satellite launched to improve weather forecasting. The report was confirmed by official sources and verified public records.
New satellite launched to improve weather forecasting,New satellite launched to improve weather forecasting. The report was confirmed by official sources and verified public records.
Hospital opens new emergency care unit with modern equipment,Hospital opens new emergency care unit with modern equipment. The report was confirmed by official sources and verified public records.
Hospital opens new emergency care unit with modern equipment,Hospital opens new emergency care unit with modern equipment. The report was confirmed by official sources and verified public records.
Stock market rises after strong quarterly company earnings,Stock market rises after strong quarterly company earnings. The report was confirmed by official sources and verified public records.
Stock market rises after strong quarterly company earnings,Stock market rises after strong quarterly company earnings. The report was confirmed by official sources and verified public records.
University receives grant for climate change research,University receives grant for climate change research. The report was confirmed by official sources and verified public records.
Education department releases updated school safety guidelines,Education department releases updated school safety guidelines. The report was confirmed by official sources and verified public records.
Government announces healthcare support program for rural areas,Government announces healthcare support program for rural areas. The report was confirmed by official sources and verified public records.
University receives grant for climate change research,University receives grant for climate change research. The report was confirmed by official sources and verified public records.
Education department releases updated school safety guidelines,Education department releases updated school safety guidelines. The report was confirmed by official sources and verified public records.
University receives grant for climate change research,University receives grant for climate change research. The report was confirmed by official sources and verified public records.
Hospital opens new emergency care unit with modern equipment,Hospital opens new emergency care unit with modern equipment. The report was confirmed by official sources and verified public records.
Hospital opens new emergency care unit with modern equipment,Hospital opens new emergency care unit with modern equipment. The report was confirmed by official sources and verified public records.
Education department releases updated school safety guidelines,Education department releases updated school safety guidelines. The report was confirmed by official sources and verified public records.
Stock market rises after strong quarterly company earnings,Stock market rises after strong quarterly company earnings. The report was confirmed by official sources and verified public records.
